Twinkle Twinkle-English,1_prCK0Mvy5bwE7kVddpxV43VSVQS4INd,csv_new
Happy birthday_1-English,1-3LAVWhPYMlGCb4W3k-19C8-GW-W4sQg,csv_new
Happy birthday_2-English,sdfsd,csv_new
Mere Naam tu-Zero,12hjxSoMQpmjyX04wS9NtU9Nt2yllJkQX,csv_new
Filhall-Filhall,1ybzzixsfX2ZHDB01SRQgf80eGK6euMw1,csv_new
Dhadak-Dhadak,1v4f_lbhJAFGytnmA3MbJxmWEi7d_Tfb4,csv_new
Mere Rashke Qamar-Baadshaho,1MTzXc2PvvQAKxVpfB22bkKcNQBLtv_pB,csv_old
Khairiyat_Chhichhore,sdfsd,csv_new
Ek ladki ko dekha to-1942 luv story,sdfsd,csv_old
Pardesi Pardesi Jana Nahi-Raja Hindustani,sdfsd,csv_new
EOF,,
